x;y;size;color
0.000000;0.000000;1;2
0.000000;3.000000;1;2
0.000000;6.000000;1;2
0.000000;9.000000;1;2
3.000000;0.000000;1;2
3.000000;3.000000;1;2
3.000000;6.000000;1;2
3.000000;9.000000;1;2
6.000000;0.000000;1;2
6.000000;3.000000;1;2
6.000000;6.000000;1;2
6.000000;9.000000;1;2
9.000000;0.000000;1;2
9.000000;3.000000;1;2
9.000000;6.000000;1;2
9.000000;9.000000;1;2
